timestamp|site|scenario|bot_id|event_type|attempt_number|global_index|question_uid
2026-03-12 21:01:08|gemini|thinking|0|RESTART||358|e7314a6f-55c1-4572-b094-70892393fbd8
2026-03-12 21:06:28|gemini|thinking|0|STOP||358|e7314a6f-55c1-4572-b094-70892393fbd8
2026-03-12 21:09:59|gemini|thinking|0|RESTART||358|e7314a6f-55c1-4572-b094-70892393fbd8
2026-03-12 21:10:49|gemini|thinking|0|QUESTION_SENT||358|e7314a6f-55c1-4572-b094-70892393fbd8
2026-03-12 21:15:36|gemini|thinking|0|JSON_VERIFY_FAILED||358|e7314a6f-55c1-4572-b094-70892393fbd8
2026-03-12 21:15:36|gemini|thinking|0|QUESTION|1|358|e7314a6f-55c1-4572-b094-70892393fbd8
2026-03-12 21:15:36|gemini|thinking|0|JSON_VERIFY_FAILED||358|e7314a6f-55c1-4572-b094-70892393fbd8
2026-03-12 21:15:36|gemini|thinking|0|QUESTION|2|358|e7314a6f-55c1-4572-b094-70892393fbd8
2026-03-12 21:15:37|gemini|thinking|0|JSON_VERIFY_FAILED||358|e7314a6f-55c1-4572-b094-70892393fbd8
2026-03-12 21:15:37|gemini|thinking|0|QUESTION|3|358|e7314a6f-55c1-4572-b094-70892393fbd8
2026-03-12 21:15:37|gemini|thinking|0|JSON_VERIFY_FAILED||358|e7314a6f-55c1-4572-b094-70892393fbd8
2026-03-12 21:15:37|gemini|thinking|0|QUESTION|4|358|e7314a6f-55c1-4572-b094-70892393fbd8
2026-03-12 21:15:37|gemini|thinking|0|JSON_VERIFY_FAILED||358|e7314a6f-55c1-4572-b094-70892393fbd8
2026-03-12 21:15:37|gemini|thinking|0|QUESTION|5|358|e7314a6f-55c1-4572-b094-70892393fbd8
2026-03-12 21:15:37|gemini|thinking|0|JSON_VERIFY_FAILED||358|e7314a6f-55c1-4572-b094-70892393fbd8
2026-03-12 21:15:37|gemini|thinking|0|QUESTION|6|358|e7314a6f-55c1-4572-b094-70892393fbd8
2026-03-12 21:15:38|gemini|thinking|0|JSON_VERIFY_FAILED||358|e7314a6f-55c1-4572-b094-70892393fbd8
2026-03-12 21:15:38|gemini|thinking|0|QUESTION|7|358|e7314a6f-55c1-4572-b094-70892393fbd8
2026-03-12 21:15:38|gemini|thinking|0|JSON_VERIFY_FAILED||358|e7314a6f-55c1-4572-b094-70892393fbd8
2026-03-12 21:15:38|gemini|thinking|0|QUESTION|8|358|e7314a6f-55c1-4572-b094-70892393fbd8
2026-03-12 21:15:38|gemini|thinking|0|JSON_VERIFY_FAILED||358|e7314a6f-55c1-4572-b094-70892393fbd8
2026-03-12 21:15:38|gemini|thinking|0|QUESTION|9|358|e7314a6f-55c1-4572-b094-70892393fbd8
2026-03-12 21:15:39|gemini|thinking|0|JSON_VERIFY_FAILED||358|e7314a6f-55c1-4572-b094-70892393fbd8
2026-03-12 21:15:39|gemini|thinking|0|QUESTION|10|358|e7314a6f-55c1-4572-b094-70892393fbd8
2026-03-12 21:15:39|gemini|thinking|0|JSON_VERIFY_FAILED||358|e7314a6f-55c1-4572-b094-70892393fbd8
2026-03-12 21:15:39|gemini|thinking|0|QUESTION|11|358|e7314a6f-55c1-4572-b094-70892393fbd8
2026-03-12 21:15:39|gemini|thinking|0|JSON_VERIFY_FAILED||358|e7314a6f-55c1-4572-b094-70892393fbd8
2026-03-12 21:15:39|gemini|thinking|0|QUESTION|12|358|e7314a6f-55c1-4572-b094-70892393fbd8
2026-03-12 21:15:40|gemini|thinking|0|JSON_VERIFY_FAILED||358|e7314a6f-55c1-4572-b094-70892393fbd8
2026-03-12 21:15:40|gemini|thinking|0|QUESTION|13|358|e7314a6f-55c1-4572-b094-70892393fbd8
2026-03-12 21:15:40|gemini|thinking|0|JSON_VERIFY_FAILED||358|e7314a6f-55c1-4572-b094-70892393fbd8
2026-03-12 21:15:40|gemini|thinking|0|QUESTION|14|358|e7314a6f-55c1-4572-b094-70892393fbd8
2026-03-12 21:15:40|gemini|thinking|0|JSON_VERIFY_FAILED||358|e7314a6f-55c1-4572-b094-70892393fbd8
2026-03-12 21:15:40|gemini|thinking|0|QUESTION|15|358|e7314a6f-55c1-4572-b094-70892393fbd8
2026-03-12 21:15:41|gemini|thinking|0|JSON_VERIFY_FAILED||358|e7314a6f-55c1-4572-b094-70892393fbd8
2026-03-12 21:15:41|gemini|thinking|0|QUESTION|16|358|e7314a6f-55c1-4572-b094-70892393fbd8
2026-03-12 21:15:41|gemini|thinking|0|JSON_VERIFY_FAILED||358|e7314a6f-55c1-4572-b094-70892393fbd8
2026-03-12 21:15:41|gemini|thinking|0|QUESTION|17|358|e7314a6f-55c1-4572-b094-70892393fbd8
2026-03-12 21:15:41|gemini|thinking|0|JSON_VERIFY_FAILED||358|e7314a6f-55c1-4572-b094-70892393fbd8
2026-03-12 21:15:41|gemini|thinking|0|QUESTION|18|358|e7314a6f-55c1-4572-b094-70892393fbd8
2026-03-12 21:15:42|gemini|thinking|0|JSON_VERIFY_FAILED||358|e7314a6f-55c1-4572-b094-70892393fbd8
2026-03-12 21:15:42|gemini|thinking|0|QUESTION|19|358|e7314a6f-55c1-4572-b094-70892393fbd8
2026-03-12 21:15:42|gemini|thinking|0|JSON_VERIFY_FAILED||358|e7314a6f-55c1-4572-b094-70892393fbd8
2026-03-12 21:15:42|gemini|thinking|0|QUESTION|20|358|e7314a6f-55c1-4572-b094-70892393fbd8
2026-03-12 21:15:42|gemini|thinking|0|JSON_VERIFY_FAILED||358|e7314a6f-55c1-4572-b094-70892393fbd8
2026-03-12 21:15:42|gemini|thinking|0|QUESTION|21|358|e7314a6f-55c1-4572-b094-70892393fbd8
2026-03-12 21:15:43|gemini|thinking|0|JSON_VERIFY_FAILED||358|e7314a6f-55c1-4572-b094-70892393fbd8
2026-03-12 21:15:43|gemini|thinking|0|QUESTION|22|358|e7314a6f-55c1-4572-b094-70892393fbd8
2026-03-12 21:15:43|gemini|thinking|0|JSON_VERIFY_FAILED||358|e7314a6f-55c1-4572-b094-70892393fbd8
2026-03-12 21:15:43|gemini|thinking|0|QUESTION|23|358|e7314a6f-55c1-4572-b094-70892393fbd8
2026-03-12 21:15:43|gemini|thinking|0|JSON_VERIFY_FAILED||358|e7314a6f-55c1-4572-b094-70892393fbd8
2026-03-12 21:15:43|gemini|thinking|0|QUESTION|24|358|e7314a6f-55c1-4572-b094-70892393fbd8
2026-03-12 21:15:43|gemini|thinking|0|JSON_VERIFY_FAILED||358|e7314a6f-55c1-4572-b094-70892393fbd8
2026-03-12 21:15:43|gemini|thinking|0|QUESTION|25|358|e7314a6f-55c1-4572-b094-70892393fbd8
2026-03-12 21:15:44|gemini|thinking|0|JSON_VERIFY_FAILED||358|e7314a6f-55c1-4572-b094-70892393fbd8
2026-03-12 21:15:44|gemini|thinking|0|QUESTION|26|358|e7314a6f-55c1-4572-b094-70892393fbd8
2026-03-12 21:15:44|gemini|thinking|0|JSON_VERIFY_FAILED||358|e7314a6f-55c1-4572-b094-70892393fbd8
2026-03-12 21:15:44|gemini|thinking|0|QUESTION|27|358|e7314a6f-55c1-4572-b094-70892393fbd8
2026-03-12 21:15:44|gemini|thinking|0|JSON_VERIFY_FAILED||358|e7314a6f-55c1-4572-b094-70892393fbd8
2026-03-12 21:15:44|gemini|thinking|0|QUESTION|28|358|e7314a6f-55c1-4572-b094-70892393fbd8
2026-03-12 21:15:45|gemini|thinking|0|JSON_VERIFY_FAILED||358|e7314a6f-55c1-4572-b094-70892393fbd8
2026-03-12 21:15:45|gemini|thinking|0|QUESTION|29|358|e7314a6f-55c1-4572-b094-70892393fbd8
2026-03-12 21:15:45|gemini|thinking|0|JSON_VERIFY_FAILED||358|e7314a6f-55c1-4572-b094-70892393fbd8
2026-03-12 21:15:45|gemini|thinking|0|QUESTION|30|358|e7314a6f-55c1-4572-b094-70892393fbd8
2026-03-12 21:15:45|gemini|thinking|0|JSON_VERIFY_FAILED||358|e7314a6f-55c1-4572-b094-70892393fbd8
2026-03-12 21:15:45|gemini|thinking|0|QUESTION|31|358|e7314a6f-55c1-4572-b094-70892393fbd8
2026-03-12 21:15:46|gemini|thinking|0|JSON_VERIFY_FAILED||358|e7314a6f-55c1-4572-b094-70892393fbd8
2026-03-12 21:15:46|gemini|thinking|0|QUESTION|32|358|e7314a6f-55c1-4572-b094-70892393fbd8
2026-03-12 21:15:46|gemini|thinking|0|JSON_VERIFY_FAILED||358|e7314a6f-55c1-4572-b094-70892393fbd8
2026-03-12 21:15:46|gemini|thinking|0|QUESTION|33|358|e7314a6f-55c1-4572-b094-70892393fbd8
2026-03-12 21:15:46|gemini|thinking|0|JSON_VERIFY_FAILED||358|e7314a6f-55c1-4572-b094-70892393fbd8
2026-03-12 21:15:46|gemini|thinking|0|QUESTION|34|358|e7314a6f-55c1-4572-b094-70892393fbd8
2026-03-12 21:15:47|gemini|thinking|0|JSON_VERIFY_FAILED||358|e7314a6f-55c1-4572-b094-70892393fbd8
2026-03-12 21:15:47|gemini|thinking|0|QUESTION|35|358|e7314a6f-55c1-4572-b094-70892393fbd8
2026-03-12 21:15:47|gemini|thinking|0|JSON_VERIFY_FAILED||358|e7314a6f-55c1-4572-b094-70892393fbd8
2026-03-12 21:15:47|gemini|thinking|0|QUESTION|36|358|e7314a6f-55c1-4572-b094-70892393fbd8
2026-03-12 21:15:47|gemini|thinking|0|JSON_VERIFY_FAILED||358|e7314a6f-55c1-4572-b094-70892393fbd8
2026-03-12 21:15:47|gemini|thinking|0|QUESTION|37|358|e7314a6f-55c1-4572-b094-70892393fbd8
2026-03-12 21:15:48|gemini|thinking|0|JSON_VERIFY_FAILED||358|e7314a6f-55c1-4572-b094-70892393fbd8
2026-03-12 21:15:48|gemini|thinking|0|QUESTION|38|358|e7314a6f-55c1-4572-b094-70892393fbd8
2026-03-12 21:15:48|gemini|thinking|0|JSON_VERIFY_FAILED||358|e7314a6f-55c1-4572-b094-70892393fbd8
2026-03-12 21:15:48|gemini|thinking|0|QUESTION|39|358|e7314a6f-55c1-4572-b094-70892393fbd8
2026-03-12 21:15:48|gemini|thinking|0|JSON_VERIFY_FAILED||358|e7314a6f-55c1-4572-b094-70892393fbd8
2026-03-12 21:15:48|gemini|thinking|0|QUESTION|40|358|e7314a6f-55c1-4572-b094-70892393fbd8
2026-03-12 21:15:49|gemini|thinking|0|JSON_VERIFY_FAILED||358|e7314a6f-55c1-4572-b094-70892393fbd8
2026-03-12 21:15:49|gemini|thinking|0|QUESTION|41|358|e7314a6f-55c1-4572-b094-70892393fbd8
2026-03-12 21:15:49|gemini|thinking|0|JSON_VERIFY_FAILED||358|e7314a6f-55c1-4572-b094-70892393fbd8
2026-03-12 21:15:49|gemini|thinking|0|QUESTION|42|358|e7314a6f-55c1-4572-b094-70892393fbd8
2026-03-12 21:15:49|gemini|thinking|0|JSON_VERIFY_FAILED||358|e7314a6f-55c1-4572-b094-70892393fbd8
2026-03-12 21:15:49|gemini|thinking|0|QUESTION|43|358|e7314a6f-55c1-4572-b094-70892393fbd8
2026-03-12 21:15:50|gemini|thinking|0|JSON_VERIFY_FAILED||358|e7314a6f-55c1-4572-b094-70892393fbd8
2026-03-12 21:15:50|gemini|thinking|0|QUESTION|44|358|e7314a6f-55c1-4572-b094-70892393fbd8
2026-03-12 21:15:50|gemini|thinking|0|JSON_VERIFY_FAILED||358|e7314a6f-55c1-4572-b094-70892393fbd8
2026-03-12 21:15:50|gemini|thinking|0|QUESTION|45|358|e7314a6f-55c1-4572-b094-70892393fbd8
2026-03-12 21:15:50|gemini|thinking|0|JSON_VERIFY_FAILED||358|e7314a6f-55c1-4572-b094-70892393fbd8
2026-03-12 21:15:50|gemini|thinking|0|QUESTION|46|358|e7314a6f-55c1-4572-b094-70892393fbd8
2026-03-12 21:15:50|gemini|thinking|0|JSON_VERIFY_FAILED||358|e7314a6f-55c1-4572-b094-70892393fbd8
2026-03-12 21:15:50|gemini|thinking|0|QUESTION|47|358|e7314a6f-55c1-4572-b094-70892393fbd8
2026-03-12 21:15:51|gemini|thinking|0|JSON_VERIFY_FAILED||358|e7314a6f-55c1-4572-b094-70892393fbd8
2026-03-12 21:15:51|gemini|thinking|0|QUESTION|48|358|e7314a6f-55c1-4572-b094-70892393fbd8
2026-03-12 21:15:51|gemini|thinking|0|JSON_VERIFY_FAILED||358|e7314a6f-55c1-4572-b094-70892393fbd8
2026-03-12 21:15:51|gemini|thinking|0|QUESTION|49|358|e7314a6f-55c1-4572-b094-70892393fbd8
2026-03-12 21:15:51|gemini|thinking|0|JSON_VERIFY_FAILED||358|e7314a6f-55c1-4572-b094-70892393fbd8
2026-03-12 21:15:51|gemini|thinking|0|QUESTION|50|358|e7314a6f-55c1-4572-b094-70892393fbd8
2026-03-12 21:15:52|gemini|thinking|0|JSON_VERIFY_FAILED||358|e7314a6f-55c1-4572-b094-70892393fbd8
2026-03-12 21:15:52|gemini|thinking|0|QUESTION|51|358|e7314a6f-55c1-4572-b094-70892393fbd8
2026-03-12 21:15:52|gemini|thinking|0|JSON_VERIFY_FAILED||358|e7314a6f-55c1-4572-b094-70892393fbd8
2026-03-12 21:15:52|gemini|thinking|0|QUESTION|52|358|e7314a6f-55c1-4572-b094-70892393fbd8
2026-03-12 21:15:52|gemini|thinking|0|JSON_VERIFY_FAILED||358|e7314a6f-55c1-4572-b094-70892393fbd8
2026-03-12 21:15:52|gemini|thinking|0|QUESTION|53|358|e7314a6f-55c1-4572-b094-70892393fbd8
2026-03-12 21:15:53|gemini|thinking|0|JSON_VERIFY_FAILED||358|e7314a6f-55c1-4572-b094-70892393fbd8
2026-03-12 21:15:53|gemini|thinking|0|QUESTION|54|358|e7314a6f-55c1-4572-b094-70892393fbd8
2026-03-12 21:15:53|gemini|thinking|0|JSON_VERIFY_FAILED||358|e7314a6f-55c1-4572-b094-70892393fbd8
2026-03-12 21:15:53|gemini|thinking|0|QUESTION|55|358|e7314a6f-55c1-4572-b094-70892393fbd8
2026-03-12 21:15:53|gemini|thinking|0|JSON_VERIFY_FAILED||358|e7314a6f-55c1-4572-b094-70892393fbd8
2026-03-12 21:15:53|gemini|thinking|0|QUESTION|56|358|e7314a6f-55c1-4572-b094-70892393fbd8
2026-03-12 21:15:54|gemini|thinking|0|JSON_VERIFY_FAILED||358|e7314a6f-55c1-4572-b094-70892393fbd8
2026-03-12 21:15:54|gemini|thinking|0|QUESTION|57|358|e7314a6f-55c1-4572-b094-70892393fbd8
2026-03-12 21:15:54|gemini|thinking|0|JSON_VERIFY_FAILED||358|e7314a6f-55c1-4572-b094-70892393fbd8
2026-03-12 21:15:54|gemini|thinking|0|QUESTION|58|358|e7314a6f-55c1-4572-b094-70892393fbd8
2026-03-12 21:15:54|gemini|thinking|0|JSON_VERIFY_FAILED||358|e7314a6f-55c1-4572-b094-70892393fbd8
2026-03-12 21:15:54|gemini|thinking|0|QUESTION|59|358|e7314a6f-55c1-4572-b094-70892393fbd8
2026-03-12 21:15:55|gemini|thinking|0|JSON_VERIFY_FAILED||358|e7314a6f-55c1-4572-b094-70892393fbd8
2026-03-12 21:15:55|gemini|thinking|0|QUESTION|60|358|e7314a6f-55c1-4572-b094-70892393fbd8
2026-03-12 21:15:55|gemini|thinking|0|JSON_VERIFY_FAILED||358|e7314a6f-55c1-4572-b094-70892393fbd8
2026-03-12 21:15:55|gemini|thinking|0|QUESTION|61|358|e7314a6f-55c1-4572-b094-70892393fbd8
2026-03-12 21:15:55|gemini|thinking|0|JSON_VERIFY_FAILED||358|e7314a6f-55c1-4572-b094-70892393fbd8
2026-03-12 21:15:55|gemini|thinking|0|QUESTION|62|358|e7314a6f-55c1-4572-b094-70892393fbd8
2026-03-12 21:15:56|gemini|thinking|0|JSON_VERIFY_FAILED||358|e7314a6f-55c1-4572-b094-70892393fbd8
2026-03-12 21:15:56|gemini|thinking|0|QUESTION|63|358|e7314a6f-55c1-4572-b094-70892393fbd8
2026-03-12 21:15:56|gemini|thinking|0|JSON_VERIFY_FAILED||358|e7314a6f-55c1-4572-b094-70892393fbd8
2026-03-12 21:15:56|gemini|thinking|0|QUESTION|64|358|e7314a6f-55c1-4572-b094-70892393fbd8
2026-03-12 21:15:56|gemini|thinking|0|JSON_VERIFY_FAILED||358|e7314a6f-55c1-4572-b094-70892393fbd8
2026-03-12 21:15:56|gemini|thinking|0|QUESTION|65|358|e7314a6f-55c1-4572-b094-70892393fbd8
2026-03-12 21:15:56|gemini|thinking|0|JSON_VERIFY_FAILED||358|e7314a6f-55c1-4572-b094-70892393fbd8
2026-03-12 21:15:56|gemini|thinking|0|QUESTION|66|358|e7314a6f-55c1-4572-b094-70892393fbd8
2026-03-12 21:15:57|gemini|thinking|0|JSON_VERIFY_FAILED||358|e7314a6f-55c1-4572-b094-70892393fbd8
2026-03-12 21:15:57|gemini|thinking|0|QUESTION|67|358|e7314a6f-55c1-4572-b094-70892393fbd8
2026-03-12 21:15:57|gemini|thinking|0|JSON_VERIFY_FAILED||358|e7314a6f-55c1-4572-b094-70892393fbd8
2026-03-12 21:15:57|gemini|thinking|0|QUESTION|68|358|e7314a6f-55c1-4572-b094-70892393fbd8
2026-03-12 21:15:57|gemini|thinking|0|JSON_VERIFY_FAILED||358|e7314a6f-55c1-4572-b094-70892393fbd8
2026-03-12 21:15:57|gemini|thinking|0|QUESTION|69|358|e7314a6f-55c1-4572-b094-70892393fbd8
2026-03-12 21:15:58|gemini|thinking|0|JSON_VERIFY_FAILED||358|e7314a6f-55c1-4572-b094-70892393fbd8
2026-03-12 21:15:58|gemini|thinking|0|QUESTION|70|358|e7314a6f-55c1-4572-b094-70892393fbd8
2026-03-12 21:15:58|gemini|thinking|0|JSON_VERIFY_FAILED||358|e7314a6f-55c1-4572-b094-70892393fbd8
2026-03-12 21:15:58|gemini|thinking|0|QUESTION|71|358|e7314a6f-55c1-4572-b094-70892393fbd8
2026-03-12 21:15:58|gemini|thinking|0|JSON_VERIFY_FAILED||358|e7314a6f-55c1-4572-b094-70892393fbd8
2026-03-12 21:15:58|gemini|thinking|0|QUESTION|72|358|e7314a6f-55c1-4572-b094-70892393fbd8
2026-03-12 21:15:59|gemini|thinking|0|JSON_VERIFY_FAILED||358|e7314a6f-55c1-4572-b094-70892393fbd8
2026-03-12 21:15:59|gemini|thinking|0|QUESTION|73|358|e7314a6f-55c1-4572-b094-70892393fbd8
2026-03-12 21:15:59|gemini|thinking|0|JSON_VERIFY_FAILED||358|e7314a6f-55c1-4572-b094-70892393fbd8
2026-03-12 21:15:59|gemini|thinking|0|QUESTION|74|358|e7314a6f-55c1-4572-b094-70892393fbd8
2026-03-12 21:15:59|gemini|thinking|0|JSON_VERIFY_FAILED||358|e7314a6f-55c1-4572-b094-70892393fbd8
2026-03-12 21:15:59|gemini|thinking|0|QUESTION|75|358|e7314a6f-55c1-4572-b094-70892393fbd8
2026-03-12 21:16:00|gemini|thinking|0|JSON_VERIFY_FAILED||358|e7314a6f-55c1-4572-b094-70892393fbd8
2026-03-12 21:16:00|gemini|thinking|0|QUESTION|76|358|e7314a6f-55c1-4572-b094-70892393fbd8
2026-03-12 21:16:00|gemini|thinking|0|JSON_VERIFY_FAILED||358|e7314a6f-55c1-4572-b094-70892393fbd8
2026-03-12 21:16:00|gemini|thinking|0|QUESTION|77|358|e7314a6f-55c1-4572-b094-70892393fbd8
2026-03-12 21:16:00|gemini|thinking|0|JSON_VERIFY_FAILED||358|e7314a6f-55c1-4572-b094-70892393fbd8
2026-03-12 21:16:00|gemini|thinking|0|QUESTION|78|358|e7314a6f-55c1-4572-b094-70892393fbd8
2026-03-12 21:16:01|gemini|thinking|0|JSON_VERIFY_FAILED||358|e7314a6f-55c1-4572-b094-70892393fbd8
2026-03-12 21:16:01|gemini|thinking|0|QUESTION|79|358|e7314a6f-55c1-4572-b094-70892393fbd8
2026-03-12 21:16:01|gemini|thinking|0|JSON_VERIFY_FAILED||358|e7314a6f-55c1-4572-b094-70892393fbd8
2026-03-12 21:16:01|gemini|thinking|0|QUESTION|80|358|e7314a6f-55c1-4572-b094-70892393fbd8
2026-03-12 21:16:01|gemini|thinking|0|JSON_VERIFY_FAILED||358|e7314a6f-55c1-4572-b094-70892393fbd8
2026-03-12 21:16:01|gemini|thinking|0|QUESTION|81|358|e7314a6f-55c1-4572-b094-70892393fbd8
2026-03-12 21:16:02|gemini|thinking|0|JSON_VERIFY_FAILED||358|e7314a6f-55c1-4572-b094-70892393fbd8
2026-03-12 21:16:02|gemini|thinking|0|QUESTION|82|358|e7314a6f-55c1-4572-b094-70892393fbd8
2026-03-12 21:16:02|gemini|thinking|0|JSON_VERIFY_FAILED||358|e7314a6f-55c1-4572-b094-70892393fbd8
2026-03-12 21:16:02|gemini|thinking|0|QUESTION|83|358|e7314a6f-55c1-4572-b094-70892393fbd8
2026-03-12 21:16:02|gemini|thinking|0|JSON_VERIFY_FAILED||358|e7314a6f-55c1-4572-b094-70892393fbd8
2026-03-12 21:16:02|gemini|thinking|0|QUESTION|84|358|e7314a6f-55c1-4572-b094-70892393fbd8
2026-03-12 21:16:02|gemini|thinking|0|JSON_VERIFY_FAILED||358|e7314a6f-55c1-4572-b094-70892393fbd8
2026-03-12 21:16:02|gemini|thinking|0|QUESTION|85|358|e7314a6f-55c1-4572-b094-70892393fbd8
2026-03-12 21:16:03|gemini|thinking|0|JSON_VERIFY_FAILED||358|e7314a6f-55c1-4572-b094-70892393fbd8
2026-03-12 21:16:03|gemini|thinking|0|QUESTION|86|358|e7314a6f-55c1-4572-b094-70892393fbd8
2026-03-12 21:16:03|gemini|thinking|0|JSON_VERIFY_FAILED||358|e7314a6f-55c1-4572-b094-70892393fbd8
2026-03-12 21:16:03|gemini|thinking|0|QUESTION|87|358|e7314a6f-55c1-4572-b094-70892393fbd8
2026-03-12 21:16:03|gemini|thinking|0|JSON_VERIFY_FAILED||358|e7314a6f-55c1-4572-b094-70892393fbd8
2026-03-12 21:16:03|gemini|thinking|0|QUESTION|88|358|e7314a6f-55c1-4572-b094-70892393fbd8
2026-03-12 21:16:04|gemini|thinking|0|JSON_VERIFY_FAILED||358|e7314a6f-55c1-4572-b094-70892393fbd8
2026-03-12 21:16:04|gemini|thinking|0|QUESTION|89|358|e7314a6f-55c1-4572-b094-70892393fbd8
2026-03-12 21:16:04|gemini|thinking|0|JSON_VERIFY_FAILED||358|e7314a6f-55c1-4572-b094-70892393fbd8
2026-03-12 21:16:04|gemini|thinking|0|QUESTION|90|358|e7314a6f-55c1-4572-b094-70892393fbd8
2026-03-12 21:16:04|gemini|thinking|0|JSON_VERIFY_FAILED||358|e7314a6f-55c1-4572-b094-70892393fbd8
2026-03-12 21:16:04|gemini|thinking|0|QUESTION|91|358|e7314a6f-55c1-4572-b094-70892393fbd8
2026-03-12 21:16:05|gemini|thinking|0|JSON_VERIFY_FAILED||358|e7314a6f-55c1-4572-b094-70892393fbd8
2026-03-12 21:16:05|gemini|thinking|0|QUESTION|92|358|e7314a6f-55c1-4572-b094-70892393fbd8
2026-03-12 21:16:05|gemini|thinking|0|JSON_VERIFY_FAILED||358|e7314a6f-55c1-4572-b094-70892393fbd8
2026-03-12 21:16:05|gemini|thinking|0|QUESTION|93|358|e7314a6f-55c1-4572-b094-70892393fbd8
2026-03-12 21:16:05|gemini|thinking|0|JSON_VERIFY_FAILED||358|e7314a6f-55c1-4572-b094-70892393fbd8
2026-03-12 21:16:05|gemini|thinking|0|QUESTION|94|358|e7314a6f-55c1-4572-b094-70892393fbd8
2026-03-12 21:16:06|gemini|thinking|0|JSON_VERIFY_FAILED||358|e7314a6f-55c1-4572-b094-70892393fbd8
2026-03-12 21:16:06|gemini|thinking|0|QUESTION|95|358|e7314a6f-55c1-4572-b094-70892393fbd8
2026-03-12 21:16:06|gemini|thinking|0|JSON_VERIFY_FAILED||358|e7314a6f-55c1-4572-b094-70892393fbd8
2026-03-12 21:16:06|gemini|thinking|0|QUESTION|96|358|e7314a6f-55c1-4572-b094-70892393fbd8
2026-03-12 21:16:06|gemini|thinking|0|JSON_VERIFY_FAILED||358|e7314a6f-55c1-4572-b094-70892393fbd8
2026-03-12 21:16:06|gemini|thinking|0|QUESTION|97|358|e7314a6f-55c1-4572-b094-70892393fbd8
2026-03-12 21:16:07|gemini|thinking|0|JSON_VERIFY_FAILED||358|e7314a6f-55c1-4572-b094-70892393fbd8
2026-03-12 21:16:07|gemini|thinking|0|QUESTION|98|358|e7314a6f-55c1-4572-b094-70892393fbd8
2026-03-12 21:16:07|gemini|thinking|0|JSON_VERIFY_FAILED||358|e7314a6f-55c1-4572-b094-70892393fbd8
2026-03-12 21:16:07|gemini|thinking|0|QUESTION|99|358|e7314a6f-55c1-4572-b094-70892393fbd8
2026-03-12 21:16:07|gemini|thinking|0|JSON_VERIFY_FAILED||358|e7314a6f-55c1-4572-b094-70892393fbd8
2026-03-12 21:16:07|gemini|thinking|0|QUESTION|100|358|e7314a6f-55c1-4572-b094-70892393fbd8
2026-03-12 21:16:08|gemini|thinking|0|JSON_VERIFY_FAILED||358|e7314a6f-55c1-4572-b094-70892393fbd8
2026-03-12 21:16:08|gemini|thinking|0|QUESTION|101|358|e7314a6f-55c1-4572-b094-70892393fbd8
2026-03-12 21:16:08|gemini|thinking|0|JSON_VERIFY_FAILED||358|e7314a6f-55c1-4572-b094-70892393fbd8
2026-03-12 21:16:08|gemini|thinking|0|QUESTION|102|358|e7314a6f-55c1-4572-b094-70892393fbd8
2026-03-12 21:16:08|gemini|thinking|0|JSON_VERIFY_FAILED||358|e7314a6f-55c1-4572-b094-70892393fbd8
2026-03-12 21:16:08|gemini|thinking|0|QUESTION|103|358|e7314a6f-55c1-4572-b094-70892393fbd8
2026-03-12 21:16:08|gemini|thinking|0|JSON_VERIFY_FAILED||358|e7314a6f-55c1-4572-b094-70892393fbd8
2026-03-12 21:16:08|gemini|thinking|0|QUESTION|104|358|e7314a6f-55c1-4572-b094-70892393fbd8
2026-03-12 21:16:09|gemini|thinking|0|JSON_VERIFY_FAILED||358|e7314a6f-55c1-4572-b094-70892393fbd8
2026-03-12 21:16:09|gemini|thinking|0|QUESTION|105|358|e7314a6f-55c1-4572-b094-70892393fbd8
2026-03-12 21:16:09|gemini|thinking|0|JSON_VERIFY_FAILED||358|e7314a6f-55c1-4572-b094-70892393fbd8
2026-03-12 21:16:09|gemini|thinking|0|QUESTION|106|358|e7314a6f-55c1-4572-b094-70892393fbd8
2026-03-12 21:16:09|gemini|thinking|0|JSON_VERIFY_FAILED||358|e7314a6f-55c1-4572-b094-70892393fbd8
2026-03-12 21:16:09|gemini|thinking|0|QUESTION|107|358|e7314a6f-55c1-4572-b094-70892393fbd8
2026-03-12 21:16:10|gemini|thinking|0|JSON_VERIFY_FAILED||358|e7314a6f-55c1-4572-b094-70892393fbd8
2026-03-12 21:16:10|gemini|thinking|0|QUESTION|108|358|e7314a6f-55c1-4572-b094-70892393fbd8
2026-03-12 21:16:10|gemini|thinking|0|JSON_VERIFY_FAILED||358|e7314a6f-55c1-4572-b094-70892393fbd8
2026-03-12 21:16:10|gemini|thinking|0|QUESTION|109|358|e7314a6f-55c1-4572-b094-70892393fbd8
2026-03-12 21:16:10|gemini|thinking|0|JSON_VERIFY_FAILED||358|e7314a6f-55c1-4572-b094-70892393fbd8
2026-03-12 21:16:10|gemini|thinking|0|QUESTION|110|358|e7314a6f-55c1-4572-b094-70892393fbd8
2026-03-12 21:16:11|gemini|thinking|0|JSON_VERIFY_FAILED||358|e7314a6f-55c1-4572-b094-70892393fbd8
2026-03-12 21:16:11|gemini|thinking|0|QUESTION|111|358|e7314a6f-55c1-4572-b094-70892393fbd8
2026-03-12 21:16:11|gemini|thinking|0|JSON_VERIFY_FAILED||358|e7314a6f-55c1-4572-b094-70892393fbd8
2026-03-12 21:16:11|gemini|thinking|0|QUESTION|112|358|e7314a6f-55c1-4572-b094-70892393fbd8
2026-03-12 21:16:11|gemini|thinking|0|JSON_VERIFY_FAILED||358|e7314a6f-55c1-4572-b094-70892393fbd8
2026-03-12 21:16:11|gemini|thinking|0|QUESTION|113|358|e7314a6f-55c1-4572-b094-70892393fbd8
2026-03-12 21:16:12|gemini|thinking|0|JSON_VERIFY_FAILED||358|e7314a6f-55c1-4572-b094-70892393fbd8
2026-03-12 21:16:12|gemini|thinking|0|QUESTION|114|358|e7314a6f-55c1-4572-b094-70892393fbd8
2026-03-12 21:16:12|gemini|thinking|0|JSON_VERIFY_FAILED||358|e7314a6f-55c1-4572-b094-70892393fbd8
2026-03-12 21:16:12|gemini|thinking|0|QUESTION|115|358|e7314a6f-55c1-4572-b094-70892393fbd8
2026-03-12 21:16:12|gemini|thinking|0|JSON_VERIFY_FAILED||358|e7314a6f-55c1-4572-b094-70892393fbd8
2026-03-12 21:16:12|gemini|thinking|0|QUESTION|116|358|e7314a6f-55c1-4572-b094-70892393fbd8
2026-03-12 21:16:13|gemini|thinking|0|JSON_VERIFY_FAILED||358|e7314a6f-55c1-4572-b094-70892393fbd8
2026-03-12 21:16:13|gemini|thinking|0|QUESTION|117|358|e7314a6f-55c1-4572-b094-70892393fbd8
2026-03-12 21:16:13|gemini|thinking|0|JSON_VERIFY_FAILED||358|e7314a6f-55c1-4572-b094-70892393fbd8
2026-03-12 21:16:13|gemini|thinking|0|QUESTION|118|358|e7314a6f-55c1-4572-b094-70892393fbd8
2026-03-12 21:16:13|gemini|thinking|0|JSON_VERIFY_FAILED||358|e7314a6f-55c1-4572-b094-70892393fbd8
2026-03-12 21:16:13|gemini|thinking|0|QUESTION|119|358|e7314a6f-55c1-4572-b094-70892393fbd8
2026-03-12 21:16:14|gemini|thinking|0|JSON_VERIFY_FAILED||358|e7314a6f-55c1-4572-b094-70892393fbd8
2026-03-12 21:16:14|gemini|thinking|0|QUESTION|120|358|e7314a6f-55c1-4572-b094-70892393fbd8
2026-03-12 21:16:14|gemini|thinking|0|JSON_VERIFY_FAILED||358|e7314a6f-55c1-4572-b094-70892393fbd8
2026-03-12 21:16:14|gemini|thinking|0|QUESTION|121|358|e7314a6f-55c1-4572-b094-70892393fbd8
2026-03-12 21:16:14|gemini|thinking|0|JSON_VERIFY_FAILED||358|e7314a6f-55c1-4572-b094-70892393fbd8
2026-03-12 21:16:14|gemini|thinking|0|QUESTION|122|358|e7314a6f-55c1-4572-b094-70892393fbd8
2026-03-12 21:16:14|gemini|thinking|0|JSON_VERIFY_FAILED||358|e7314a6f-55c1-4572-b094-70892393fbd8
2026-03-12 21:16:14|gemini|thinking|0|QUESTION|123|358|e7314a6f-55c1-4572-b094-70892393fbd8
2026-03-12 21:16:15|gemini|thinking|0|JSON_VERIFY_FAILED||358|e7314a6f-55c1-4572-b094-70892393fbd8
2026-03-12 21:16:15|gemini|thinking|0|QUESTION|124|358|e7314a6f-55c1-4572-b094-70892393fbd8
2026-03-12 21:16:15|gemini|thinking|0|JSON_VERIFY_FAILED||358|e7314a6f-55c1-4572-b094-70892393fbd8
2026-03-12 21:16:15|gemini|thinking|0|QUESTION|125|358|e7314a6f-55c1-4572-b094-70892393fbd8
2026-03-12 21:16:15|gemini|thinking|0|JSON_VERIFY_FAILED||358|e7314a6f-55c1-4572-b094-70892393fbd8
2026-03-12 21:16:15|gemini|thinking|0|QUESTION|126|358|e7314a6f-55c1-4572-b094-70892393fbd8
2026-03-12 21:16:16|gemini|thinking|0|JSON_VERIFY_FAILED||358|e7314a6f-55c1-4572-b094-70892393fbd8
2026-03-12 21:16:16|gemini|thinking|0|QUESTION|127|358|e7314a6f-55c1-4572-b094-70892393fbd8
2026-03-12 21:16:16|gemini|thinking|0|JSON_VERIFY_FAILED||358|e7314a6f-55c1-4572-b094-70892393fbd8
2026-03-12 21:16:16|gemini|thinking|0|QUESTION|128|358|e7314a6f-55c1-4572-b094-70892393fbd8
2026-03-12 21:16:16|gemini|thinking|0|JSON_VERIFY_FAILED||358|e7314a6f-55c1-4572-b094-70892393fbd8
2026-03-12 21:16:16|gemini|thinking|0|QUESTION|129|358|e7314a6f-55c1-4572-b094-70892393fbd8
2026-03-12 21:16:17|gemini|thinking|0|JSON_VERIFY_FAILED||358|e7314a6f-55c1-4572-b094-70892393fbd8
2026-03-12 21:16:17|gemini|thinking|0|QUESTION|130|358|e7314a6f-55c1-4572-b094-70892393fbd8
2026-03-12 21:16:17|gemini|thinking|0|JSON_VERIFY_FAILED||358|e7314a6f-55c1-4572-b094-70892393fbd8
2026-03-12 21:16:17|gemini|thinking|0|QUESTION|131|358|e7314a6f-55c1-4572-b094-70892393fbd8
2026-03-12 21:16:17|gemini|thinking|0|JSON_VERIFY_FAILED||358|e7314a6f-55c1-4572-b094-70892393fbd8
2026-03-12 21:16:17|gemini|thinking|0|QUESTION|132|358|e7314a6f-55c1-4572-b094-70892393fbd8
2026-03-12 21:16:18|gemini|thinking|0|JSON_VERIFY_FAILED||358|e7314a6f-55c1-4572-b094-70892393fbd8
2026-03-12 21:16:18|gemini|thinking|0|QUESTION|133|358|e7314a6f-55c1-4572-b094-70892393fbd8
2026-03-12 21:16:18|gemini|thinking|0|JSON_VERIFY_FAILED||358|e7314a6f-55c1-4572-b094-70892393fbd8
2026-03-12 21:16:18|gemini|thinking|0|QUESTION|134|358|e7314a6f-55c1-4572-b094-70892393fbd8
2026-03-12 21:16:18|gemini|thinking|0|JSON_VERIFY_FAILED||358|e7314a6f-55c1-4572-b094-70892393fbd8
2026-03-12 21:16:18|gemini|thinking|0|QUESTION|135|358|e7314a6f-55c1-4572-b094-70892393fbd8
2026-03-12 21:16:19|gemini|thinking|0|JSON_VERIFY_FAILED||358|e7314a6f-55c1-4572-b094-70892393fbd8
2026-03-12 21:16:19|gemini|thinking|0|QUESTION|136|358|e7314a6f-55c1-4572-b094-70892393fbd8
2026-03-12 21:16:19|gemini|thinking|0|JSON_VERIFY_FAILED||358|e7314a6f-55c1-4572-b094-70892393fbd8
2026-03-12 21:16:19|gemini|thinking|0|QUESTION|137|358|e7314a6f-55c1-4572-b094-70892393fbd8
2026-03-12 21:16:19|gemini|thinking|0|JSON_VERIFY_FAILED||358|e7314a6f-55c1-4572-b094-70892393fbd8
2026-03-12 21:16:19|gemini|thinking|0|QUESTION|138|358|e7314a6f-55c1-4572-b094-70892393fbd8
2026-03-12 21:16:20|gemini|thinking|0|JSON_VERIFY_FAILED||358|e7314a6f-55c1-4572-b094-70892393fbd8
2026-03-12 21:16:20|gemini|thinking|0|QUESTION|139|358|e7314a6f-55c1-4572-b094-70892393fbd8
2026-03-12 21:16:20|gemini|thinking|0|JSON_VERIFY_FAILED||358|e7314a6f-55c1-4572-b094-70892393fbd8
2026-03-12 21:16:20|gemini|thinking|0|QUESTION|140|358|e7314a6f-55c1-4572-b094-70892393fbd8
2026-03-12 21:16:20|gemini|thinking|0|JSON_VERIFY_FAILED||358|e7314a6f-55c1-4572-b094-70892393fbd8
2026-03-12 21:16:20|gemini|thinking|0|QUESTION|141|358|e7314a6f-55c1-4572-b094-70892393fbd8
2026-03-12 21:16:21|gemini|thinking|0|JSON_VERIFY_FAILED||358|e7314a6f-55c1-4572-b094-70892393fbd8
2026-03-12 21:16:21|gemini|thinking|0|QUESTION|142|358|e7314a6f-55c1-4572-b094-70892393fbd8
2026-03-12 21:16:21|gemini|thinking|0|JSON_VERIFY_FAILED||358|e7314a6f-55c1-4572-b094-70892393fbd8
2026-03-12 21:16:21|gemini|thinking|0|QUESTION|143|358|e7314a6f-55c1-4572-b094-70892393fbd8
2026-03-12 21:16:21|gemini|thinking|0|JSON_VERIFY_FAILED||358|e7314a6f-55c1-4572-b094-70892393fbd8
2026-03-12 21:16:21|gemini|thinking|0|QUESTION|144|358|e7314a6f-55c1-4572-b094-70892393fbd8
2026-03-12 21:16:21|gemini|thinking|0|JSON_VERIFY_FAILED||358|e7314a6f-55c1-4572-b094-70892393fbd8
2026-03-12 21:16:21|gemini|thinking|0|QUESTION|145|358|e7314a6f-55c1-4572-b094-70892393fbd8
2026-03-12 21:16:22|gemini|thinking|0|JSON_VERIFY_FAILED||358|e7314a6f-55c1-4572-b094-70892393fbd8
2026-03-12 21:16:22|gemini|thinking|0|QUESTION|146|358|e7314a6f-55c1-4572-b094-70892393fbd8
2026-03-12 21:16:22|gemini|thinking|0|JSON_VERIFY_FAILED||358|e7314a6f-55c1-4572-b094-70892393fbd8
2026-03-12 21:16:22|gemini|thinking|0|QUESTION|147|358|e7314a6f-55c1-4572-b094-70892393fbd8
2026-03-12 21:16:22|gemini|thinking|0|JSON_VERIFY_FAILED||358|e7314a6f-55c1-4572-b094-70892393fbd8
2026-03-12 21:16:22|gemini|thinking|0|QUESTION|148|358|e7314a6f-55c1-4572-b094-70892393fbd8
2026-03-12 21:16:23|gemini|thinking|0|JSON_VERIFY_FAILED||358|e7314a6f-55c1-4572-b094-70892393fbd8
2026-03-12 21:16:23|gemini|thinking|0|QUESTION|149|358|e7314a6f-55c1-4572-b094-70892393fbd8
2026-03-12 21:16:23|gemini|thinking|0|JSON_VERIFY_FAILED||358|e7314a6f-55c1-4572-b094-70892393fbd8
2026-03-12 21:16:23|gemini|thinking|0|QUESTION|150|358|e7314a6f-55c1-4572-b094-70892393fbd8
2026-03-12 21:16:23|gemini|thinking|0|JSON_VERIFY_FAILED||358|e7314a6f-55c1-4572-b094-70892393fbd8
2026-03-12 21:16:23|gemini|thinking|0|QUESTION|151|358|e7314a6f-55c1-4572-b094-70892393fbd8
2026-03-12 21:16:24|gemini|thinking|0|JSON_VERIFY_FAILED||358|e7314a6f-55c1-4572-b094-70892393fbd8
2026-03-12 21:16:24|gemini|thinking|0|QUESTION|152|358|e7314a6f-55c1-4572-b094-70892393fbd8
2026-03-12 21:16:24|gemini|thinking|0|JSON_VERIFY_FAILED||358|e7314a6f-55c1-4572-b094-70892393fbd8
2026-03-12 21:16:24|gemini|thinking|0|QUESTION|153|358|e7314a6f-55c1-4572-b094-70892393fbd8
2026-03-12 21:16:24|gemini|thinking|0|JSON_VERIFY_FAILED||358|e7314a6f-55c1-4572-b094-70892393fbd8
2026-03-12 21:16:24|gemini|thinking|0|QUESTION|154|358|e7314a6f-55c1-4572-b094-70892393fbd8
2026-03-12 21:16:25|gemini|thinking|0|JSON_VERIFY_FAILED||358|e7314a6f-55c1-4572-b094-70892393fbd8
2026-03-12 21:16:25|gemini|thinking|0|QUESTION|155|358|e7314a6f-55c1-4572-b094-70892393fbd8
2026-03-12 21:16:25|gemini|thinking|0|JSON_VERIFY_FAILED||358|e7314a6f-55c1-4572-b094-70892393fbd8
2026-03-12 21:16:25|gemini|thinking|0|QUESTION|156|358|e7314a6f-55c1-4572-b094-70892393fbd8
2026-03-12 21:16:25|gemini|thinking|0|JSON_VERIFY_FAILED||358|e7314a6f-55c1-4572-b094-70892393fbd8
2026-03-12 21:16:25|gemini|thinking|0|QUESTION|157|358|e7314a6f-55c1-4572-b094-70892393fbd8
2026-03-12 21:16:26|gemini|thinking|0|JSON_VERIFY_FAILED||358|e7314a6f-55c1-4572-b094-70892393fbd8
2026-03-12 21:16:26|gemini|thinking|0|QUESTION|158|358|e7314a6f-55c1-4572-b094-70892393fbd8
2026-03-12 21:16:26|gemini|thinking|0|JSON_VERIFY_FAILED||358|e7314a6f-55c1-4572-b094-70892393fbd8
2026-03-12 21:16:26|gemini|thinking|0|QUESTION|159|358|e7314a6f-55c1-4572-b094-70892393fbd8
2026-03-12 21:16:26|gemini|thinking|0|JSON_VERIFY_FAILED||358|e7314a6f-55c1-4572-b094-70892393fbd8
2026-03-12 21:16:26|gemini|thinking|0|QUESTION|160|358|e7314a6f-55c1-4572-b094-70892393fbd8
2026-03-12 21:16:27|gemini|thinking|0|JSON_VERIFY_FAILED||358|e7314a6f-55c1-4572-b094-70892393fbd8
2026-03-12 21:16:27|gemini|thinking|0|QUESTION|161|358|e7314a6f-55c1-4572-b094-70892393fbd8
2026-03-12 21:16:27|gemini|thinking|0|JSON_VERIFY_FAILED||358|e7314a6f-55c1-4572-b094-70892393fbd8
2026-03-12 21:16:27|gemini|thinking|0|QUESTION|162|358|e7314a6f-55c1-4572-b094-70892393fbd8
2026-03-12 21:16:27|gemini|thinking|0|JSON_VERIFY_FAILED||358|e7314a6f-55c1-4572-b094-70892393fbd8
2026-03-12 21:16:27|gemini|thinking|0|QUESTION|163|358|e7314a6f-55c1-4572-b094-70892393fbd8
2026-03-12 21:16:27|gemini|thinking|0|JSON_VERIFY_FAILED||358|e7314a6f-55c1-4572-b094-70892393fbd8
2026-03-12 21:16:27|gemini|thinking|0|QUESTION|164|358|e7314a6f-55c1-4572-b094-70892393fbd8
2026-03-12 21:16:28|gemini|thinking|0|JSON_VERIFY_FAILED||358|e7314a6f-55c1-4572-b094-70892393fbd8
2026-03-12 21:16:28|gemini|thinking|0|QUESTION|165|358|e7314a6f-55c1-4572-b094-70892393fbd8
2026-03-12 21:16:28|gemini|thinking|0|JSON_VERIFY_FAILED||358|e7314a6f-55c1-4572-b094-70892393fbd8
2026-03-12 21:16:28|gemini|thinking|0|QUESTION|166|358|e7314a6f-55c1-4572-b094-70892393fbd8
2026-03-12 21:16:28|gemini|thinking|0|JSON_VERIFY_FAILED||358|e7314a6f-55c1-4572-b094-70892393fbd8
2026-03-12 21:16:28|gemini|thinking|0|QUESTION|167|358|e7314a6f-55c1-4572-b094-70892393fbd8
2026-03-12 21:16:29|gemini|thinking|0|JSON_VERIFY_FAILED||358|e7314a6f-55c1-4572-b094-70892393fbd8
2026-03-12 21:16:29|gemini|thinking|0|QUESTION|168|358|e7314a6f-55c1-4572-b094-70892393fbd8
2026-03-12 21:16:29|gemini|thinking|0|JSON_VERIFY_FAILED||358|e7314a6f-55c1-4572-b094-70892393fbd8
2026-03-12 21:16:29|gemini|thinking|0|QUESTION|169|358|e7314a6f-55c1-4572-b094-70892393fbd8
2026-03-12 21:16:29|gemini|thinking|0|JSON_VERIFY_FAILED||358|e7314a6f-55c1-4572-b094-70892393fbd8
2026-03-12 21:16:29|gemini|thinking|0|QUESTION|170|358|e7314a6f-55c1-4572-b094-70892393fbd8
2026-03-12 21:16:30|gemini|thinking|0|JSON_VERIFY_FAILED||358|e7314a6f-55c1-4572-b094-70892393fbd8
2026-03-12 21:16:30|gemini|thinking|0|QUESTION|171|358|e7314a6f-55c1-4572-b094-70892393fbd8
2026-03-12 21:16:30|gemini|thinking|0|JSON_VERIFY_FAILED||358|e7314a6f-55c1-4572-b094-70892393fbd8
2026-03-12 21:16:30|gemini|thinking|0|QUESTION|172|358|e7314a6f-55c1-4572-b094-70892393fbd8
2026-03-12 21:16:30|gemini|thinking|0|JSON_VERIFY_FAILED||358|e7314a6f-55c1-4572-b094-70892393fbd8
2026-03-12 21:16:30|gemini|thinking|0|QUESTION|173|358|e7314a6f-55c1-4572-b094-70892393fbd8
2026-03-12 21:16:31|gemini|thinking|0|JSON_VERIFY_FAILED||358|e7314a6f-55c1-4572-b094-70892393fbd8
2026-03-12 21:16:31|gemini|thinking|0|QUESTION|174|358|e7314a6f-55c1-4572-b094-70892393fbd8
2026-03-12 21:16:31|gemini|thinking|0|JSON_VERIFY_FAILED||358|e7314a6f-55c1-4572-b094-70892393fbd8
2026-03-12 21:16:31|gemini|thinking|0|QUESTION|175|358|e7314a6f-55c1-4572-b094-70892393fbd8
2026-03-12 21:16:31|gemini|thinking|0|JSON_VERIFY_FAILED||358|e7314a6f-55c1-4572-b094-70892393fbd8
2026-03-12 21:16:31|gemini|thinking|0|QUESTION|176|358|e7314a6f-55c1-4572-b094-70892393fbd8
2026-03-12 21:16:32|gemini|thinking|0|JSON_VERIFY_FAILED||358|e7314a6f-55c1-4572-b094-70892393fbd8
2026-03-12 21:16:32|gemini|thinking|0|QUESTION|177|358|e7314a6f-55c1-4572-b094-70892393fbd8
2026-03-12 21:16:32|gemini|thinking|0|JSON_VERIFY_FAILED||358|e7314a6f-55c1-4572-b094-70892393fbd8
2026-03-12 21:16:32|gemini|thinking|0|QUESTION|178|358|e7314a6f-55c1-4572-b094-70892393fbd8
2026-03-12 21:24:19|gemini|thinking|0|RESTART||358|e7314a6f-55c1-4572-b094-70892393fbd8
2026-03-12 21:24:53|gemini|thinking|0|QUESTION_SENT||358|e7314a6f-55c1-4572-b094-70892393fbd8
2026-03-12 21:30:13|gemini|thinking|0|QUESTION_SENT||358|e7314a6f-55c1-4572-b094-70892393fbd8
2026-03-12 21:35:01|gemini|thinking|0|JSON_VERIFIED||358|e7314a6f-55c1-4572-b094-70892393fbd8
2026-03-12 21:35:01|gemini|thinking|0|QUESTION|1|358|e7314a6f-55c1-4572-b094-70892393fbd8
2026-03-12 21:35:01|gemini|thinking|0|JSON_SAVED||358|e7314a6f-55c1-4572-b094-70892393fbd8
2026-03-12 21:35:01|gemini|thinking|0|QUESTION_ADVANCE||359|5128cab3-24ee-423d-94ac-cee99feac341
2026-03-12 21:42:11|gemini|thinking|0|RESTART||359|5128cab3-24ee-423d-94ac-cee99feac341
2026-03-12 21:42:45|gemini|thinking|0|QUESTION_SENT||359|5128cab3-24ee-423d-94ac-cee99feac341
2026-03-12 21:47:34|gemini|thinking|0|JSON_VERIFIED||359|5128cab3-24ee-423d-94ac-cee99feac341
2026-03-12 21:47:34|gemini|thinking|0|QUESTION|1|359|5128cab3-24ee-423d-94ac-cee99feac341
2026-03-12 21:47:34|gemini|thinking|0|JSON_SAVED||359|5128cab3-24ee-423d-94ac-cee99feac341
2026-03-12 21:47:34|gemini|thinking|0|QUESTION_ADVANCE||360|e3cf63c3-920a-46ac-82cc-e086ff294b56
2026-03-12 21:48:08|gemini|thinking|0|STOP||360|e3cf63c3-920a-46ac-82cc-e086ff294b56
2026-03-12 21:53:20|gemini|thinking|0|RESTART||360|e3cf63c3-920a-46ac-82cc-e086ff294b56
2026-03-12 21:53:54|gemini|thinking|0|QUESTION_SENT||360|e3cf63c3-920a-46ac-82cc-e086ff294b56
2026-03-12 21:54:30|gemini|thinking|0|JSON_VERIFIED||360|e3cf63c3-920a-46ac-82cc-e086ff294b56
2026-03-12 21:54:30|gemini|thinking|0|QUESTION|1|360|e3cf63c3-920a-46ac-82cc-e086ff294b56
2026-03-12 21:54:30|gemini|thinking|0|JSON_SAVED||360|e3cf63c3-920a-46ac-82cc-e086ff294b56
2026-03-12 21:54:30|gemini|thinking|0|QUESTION_ADVANCE||361|97f6174d-71f2-4656-af00-3369835c796c
2026-03-12 21:54:44|gemini|thinking|0|QUESTION_SENT||361|97f6174d-71f2-4656-af00-3369835c796c
2026-03-12 21:55:15|gemini|thinking|0|JSON_VERIFIED||361|97f6174d-71f2-4656-af00-3369835c796c
2026-03-12 21:55:15|gemini|thinking|0|QUESTION|2|361|97f6174d-71f2-4656-af00-3369835c796c
2026-03-12 21:55:15|gemini|thinking|0|JSON_SAVED||361|97f6174d-71f2-4656-af00-3369835c796c
2026-03-12 21:55:15|gemini|thinking|0|QUESTION_ADVANCE||362|31112fd2-e0f6-4d05-b1e8-d9a2211c6f16
2026-03-12 21:55:28|gemini|thinking|0|QUESTION_SENT||362|31112fd2-e0f6-4d05-b1e8-d9a2211c6f16
2026-03-12 21:56:03|gemini|thinking|0|JSON_VERIFIED||362|31112fd2-e0f6-4d05-b1e8-d9a2211c6f16
2026-03-12 21:56:03|gemini|thinking|0|QUESTION|3|362|31112fd2-e0f6-4d05-b1e8-d9a2211c6f16
2026-03-12 21:56:03|gemini|thinking|0|JSON_SAVED||362|31112fd2-e0f6-4d05-b1e8-d9a2211c6f16
2026-03-12 21:56:03|gemini|thinking|0|QUESTION_ADVANCE||363|1d66653b-1c86-4fc9-92c2-94c03a757206
2026-03-12 21:56:16|gemini|thinking|0|QUESTION_SENT||363|1d66653b-1c86-4fc9-92c2-94c03a757206
2026-03-12 21:56:52|gemini|thinking|0|JSON_VERIFIED||363|1d66653b-1c86-4fc9-92c2-94c03a757206
2026-03-12 21:56:52|gemini|thinking|0|QUESTION|4|363|1d66653b-1c86-4fc9-92c2-94c03a757206
2026-03-12 21:56:52|gemini|thinking|0|JSON_SAVED||363|1d66653b-1c86-4fc9-92c2-94c03a757206
2026-03-12 21:56:52|gemini|thinking|0|QUESTION_ADVANCE||364|90b017e3-b347-4795-977b-dbc8450a1ffd
2026-03-12 21:57:06|gemini|thinking|0|QUESTION_SENT||364|90b017e3-b347-4795-977b-dbc8450a1ffd
2026-03-12 21:57:34|gemini|thinking|0|JSON_VERIFIED||364|90b017e3-b347-4795-977b-dbc8450a1ffd
2026-03-12 21:57:34|gemini|thinking|0|QUESTION|5|364|90b017e3-b347-4795-977b-dbc8450a1ffd
2026-03-12 21:57:34|gemini|thinking|0|JSON_SAVED||364|90b017e3-b347-4795-977b-dbc8450a1ffd
2026-03-12 21:57:34|gemini|thinking|0|QUESTION_ADVANCE||365|0d916aa6-eef1-4ccf-9b94-479c37c337e4
2026-03-12 21:57:48|gemini|thinking|0|QUESTION_SENT||365|0d916aa6-eef1-4ccf-9b94-479c37c337e4
2026-03-12 21:58:25|gemini|thinking|0|JSON_VERIFIED||365|0d916aa6-eef1-4ccf-9b94-479c37c337e4
2026-03-12 21:58:25|gemini|thinking|0|QUESTION|6|365|0d916aa6-eef1-4ccf-9b94-479c37c337e4
2026-03-12 21:58:25|gemini|thinking|0|JSON_SAVED||365|0d916aa6-eef1-4ccf-9b94-479c37c337e4
2026-03-12 21:58:25|gemini|thinking|0|QUESTION_ADVANCE||366|ecc3f4ac-ab3a-4a18-8532-0d038a03becc
2026-03-12 21:58:39|gemini|thinking|0|QUESTION_SENT||366|ecc3f4ac-ab3a-4a18-8532-0d038a03becc
2026-03-12 21:59:10|gemini|thinking|0|JSON_VERIFIED||366|ecc3f4ac-ab3a-4a18-8532-0d038a03becc
2026-03-12 21:59:10|gemini|thinking|0|QUESTION|7|366|ecc3f4ac-ab3a-4a18-8532-0d038a03becc
2026-03-12 21:59:10|gemini|thinking|0|JSON_SAVED||366|ecc3f4ac-ab3a-4a18-8532-0d038a03becc
2026-03-12 21:59:10|gemini|thinking|0|QUESTION_ADVANCE||367|324d0e6c-de6e-4b1f-8f91-3008e03c4d21
2026-03-12 21:59:24|gemini|thinking|0|QUESTION_SENT||367|324d0e6c-de6e-4b1f-8f91-3008e03c4d21
2026-03-12 21:59:57|gemini|thinking|0|JSON_VERIFIED||367|324d0e6c-de6e-4b1f-8f91-3008e03c4d21
2026-03-12 21:59:57|gemini|thinking|0|QUESTION|8|367|324d0e6c-de6e-4b1f-8f91-3008e03c4d21
2026-03-12 21:59:57|gemini|thinking|0|JSON_SAVED||367|324d0e6c-de6e-4b1f-8f91-3008e03c4d21
2026-03-12 21:59:57|gemini|thinking|0|QUESTION_ADVANCE||368|6d0cbf8c-a695-44ee-b13b-eb1ad28a7a67
2026-03-12 22:00:11|gemini|thinking|0|QUESTION_SENT||368|6d0cbf8c-a695-44ee-b13b-eb1ad28a7a67
2026-03-12 22:00:52|gemini|thinking|0|JSON_VERIFIED||368|6d0cbf8c-a695-44ee-b13b-eb1ad28a7a67
2026-03-12 22:00:52|gemini|thinking|0|QUESTION|9|368|6d0cbf8c-a695-44ee-b13b-eb1ad28a7a67
2026-03-12 22:00:52|gemini|thinking|0|JSON_SAVED||368|6d0cbf8c-a695-44ee-b13b-eb1ad28a7a67
2026-03-12 22:00:52|gemini|thinking|0|QUESTION_ADVANCE||369|be182196-b795-45a0-9415-2e739abb3d3d
2026-03-12 22:01:06|gemini|thinking|0|QUESTION_SENT||369|be182196-b795-45a0-9415-2e739abb3d3d
2026-03-12 22:01:44|gemini|thinking|0|JSON_VERIFIED||369|be182196-b795-45a0-9415-2e739abb3d3d
2026-03-12 22:01:44|gemini|thinking|0|QUESTION|10|369|be182196-b795-45a0-9415-2e739abb3d3d
2026-03-12 22:01:44|gemini|thinking|0|JSON_SAVED||369|be182196-b795-45a0-9415-2e739abb3d3d
2026-03-12 22:01:44|gemini|thinking|0|QUESTION_ADVANCE||370|944edef9-b0e0-4ed4-b5f2-968d9c9d791e
2026-03-12 22:01:57|gemini|thinking|0|QUESTION_SENT||370|944edef9-b0e0-4ed4-b5f2-968d9c9d791e
2026-03-12 22:02:36|gemini|thinking|0|JSON_VERIFIED||370|944edef9-b0e0-4ed4-b5f2-968d9c9d791e
2026-03-12 22:02:36|gemini|thinking|0|QUESTION|11|370|944edef9-b0e0-4ed4-b5f2-968d9c9d791e
2026-03-12 22:02:36|gemini|thinking|0|JSON_SAVED||370|944edef9-b0e0-4ed4-b5f2-968d9c9d791e
2026-03-12 22:02:36|gemini|thinking|0|QUESTION_ADVANCE||371|28501a50-f477-470a-aa27-c6af279fdb3e
2026-03-12 22:02:50|gemini|thinking|0|QUESTION_SENT||371|28501a50-f477-470a-aa27-c6af279fdb3e
2026-03-12 22:03:24|gemini|thinking|0|JSON_VERIFIED||371|28501a50-f477-470a-aa27-c6af279fdb3e
2026-03-12 22:03:24|gemini|thinking|0|QUESTION|12|371|28501a50-f477-470a-aa27-c6af279fdb3e
2026-03-12 22:03:24|gemini|thinking|0|JSON_SAVED||371|28501a50-f477-470a-aa27-c6af279fdb3e
2026-03-12 22:03:24|gemini|thinking|0|QUESTION_ADVANCE||372|66f7d20a-8eb8-4ae0-8fd0-ef9a86f73a8d
2026-03-12 22:03:38|gemini|thinking|0|QUESTION_SENT||372|66f7d20a-8eb8-4ae0-8fd0-ef9a86f73a8d
2026-03-12 22:04:06|gemini|thinking|0|JSON_VERIFIED||372|66f7d20a-8eb8-4ae0-8fd0-ef9a86f73a8d
2026-03-12 22:04:06|gemini|thinking|0|QUESTION|13|372|66f7d20a-8eb8-4ae0-8fd0-ef9a86f73a8d
2026-03-12 22:04:06|gemini|thinking|0|JSON_SAVED||372|66f7d20a-8eb8-4ae0-8fd0-ef9a86f73a8d
2026-03-12 22:04:06|gemini|thinking|0|QUESTION_ADVANCE||373|6fe62ef8-52fa-4c1b-81ff-aff85290a3a7
2026-03-12 22:04:20|gemini|thinking|0|QUESTION_SENT||373|6fe62ef8-52fa-4c1b-81ff-aff85290a3a7
2026-03-12 22:04:52|gemini|thinking|0|JSON_VERIFIED||373|6fe62ef8-52fa-4c1b-81ff-aff85290a3a7
2026-03-12 22:04:52|gemini|thinking|0|QUESTION|14|373|6fe62ef8-52fa-4c1b-81ff-aff85290a3a7
2026-03-12 22:04:52|gemini|thinking|0|JSON_SAVED||373|6fe62ef8-52fa-4c1b-81ff-aff85290a3a7
2026-03-12 22:04:52|gemini|thinking|0|QUESTION_ADVANCE||374|82ae548b-c4e2-4956-b9e8-c83ece05806c
2026-03-12 22:05:06|gemini|thinking|0|QUESTION_SENT||374|82ae548b-c4e2-4956-b9e8-c83ece05806c
2026-03-12 22:05:43|gemini|thinking|0|JSON_VERIFIED||374|82ae548b-c4e2-4956-b9e8-c83ece05806c
2026-03-12 22:05:43|gemini|thinking|0|QUESTION|15|374|82ae548b-c4e2-4956-b9e8-c83ece05806c
2026-03-12 22:05:43|gemini|thinking|0|JSON_SAVED||374|82ae548b-c4e2-4956-b9e8-c83ece05806c
2026-03-12 22:05:43|gemini|thinking|0|QUESTION_ADVANCE||375|baecc7fb-7aa0-4443-9ee2-a50aed662bbc
2026-03-12 22:05:57|gemini|thinking|0|QUESTION_SENT||375|baecc7fb-7aa0-4443-9ee2-a50aed662bbc
2026-03-12 22:06:39|gemini|thinking|0|JSON_VERIFIED||375|baecc7fb-7aa0-4443-9ee2-a50aed662bbc
2026-03-12 22:06:39|gemini|thinking|0|QUESTION|16|375|baecc7fb-7aa0-4443-9ee2-a50aed662bbc
2026-03-12 22:06:39|gemini|thinking|0|JSON_SAVED||375|baecc7fb-7aa0-4443-9ee2-a50aed662bbc
2026-03-12 22:06:39|gemini|thinking|0|QUESTION_ADVANCE||376|8f953373-bc19-4276-88d0-e78fdc931894
2026-03-12 22:06:53|gemini|thinking|0|QUESTION_SENT||376|8f953373-bc19-4276-88d0-e78fdc931894
2026-03-12 22:07:24|gemini|thinking|0|JSON_VERIFIED||376|8f953373-bc19-4276-88d0-e78fdc931894
2026-03-12 22:07:24|gemini|thinking|0|QUESTION|17|376|8f953373-bc19-4276-88d0-e78fdc931894
2026-03-12 22:07:24|gemini|thinking|0|JSON_SAVED||376|8f953373-bc19-4276-88d0-e78fdc931894
2026-03-12 22:07:24|gemini|thinking|0|QUESTION_ADVANCE||377|990dcc51-4e46-4ab7-a154-4a835405ad32
2026-03-12 22:07:37|gemini|thinking|0|QUESTION_SENT||377|990dcc51-4e46-4ab7-a154-4a835405ad32
2026-03-12 22:08:10|gemini|thinking|0|JSON_VERIFIED||377|990dcc51-4e46-4ab7-a154-4a835405ad32
2026-03-12 22:08:10|gemini|thinking|0|QUESTION|18|377|990dcc51-4e46-4ab7-a154-4a835405ad32
2026-03-12 22:08:10|gemini|thinking|0|JSON_SAVED||377|990dcc51-4e46-4ab7-a154-4a835405ad32
2026-03-12 22:08:10|gemini|thinking|0|QUESTION_ADVANCE||378|36c0a317-8ea3-48b2-bb51-e2bd39eae930
2026-03-12 22:08:23|gemini|thinking|0|QUESTION_SENT||378|36c0a317-8ea3-48b2-bb51-e2bd39eae930
2026-03-12 22:09:01|gemini|thinking|0|JSON_VERIFIED||378|36c0a317-8ea3-48b2-bb51-e2bd39eae930
2026-03-12 22:09:01|gemini|thinking|0|QUESTION|19|378|36c0a317-8ea3-48b2-bb51-e2bd39eae930
2026-03-12 22:09:01|gemini|thinking|0|JSON_SAVED||378|36c0a317-8ea3-48b2-bb51-e2bd39eae930
2026-03-12 22:09:01|gemini|thinking|0|QUESTION_ADVANCE||379|4218c213-188b-476d-8459-fde72b1ef677
2026-03-12 22:09:15|gemini|thinking|0|QUESTION_SENT||379|4218c213-188b-476d-8459-fde72b1ef677
2026-03-12 22:09:47|gemini|thinking|0|JSON_VERIFIED||379|4218c213-188b-476d-8459-fde72b1ef677
2026-03-12 22:09:47|gemini|thinking|0|QUESTION|20|379|4218c213-188b-476d-8459-fde72b1ef677
2026-03-12 22:09:47|gemini|thinking|0|JSON_SAVED||379|4218c213-188b-476d-8459-fde72b1ef677
2026-03-12 22:09:47|gemini|thinking|0|QUESTION_ADVANCE||380|af7130b8-a2cc-420c-9453-be29ee314eae
2026-03-12 22:10:00|gemini|thinking|0|QUESTION_SENT||380|af7130b8-a2cc-420c-9453-be29ee314eae
2026-03-12 22:10:33|gemini|thinking|0|JSON_VERIFIED||380|af7130b8-a2cc-420c-9453-be29ee314eae
2026-03-12 22:10:33|gemini|thinking|0|QUESTION|21|380|af7130b8-a2cc-420c-9453-be29ee314eae
2026-03-12 22:10:33|gemini|thinking|0|JSON_SAVED||380|af7130b8-a2cc-420c-9453-be29ee314eae
2026-03-12 22:10:33|gemini|thinking|0|QUESTION_ADVANCE||381|a4feaf4d-56ee-4379-8900-4425f6bb0348
2026-03-12 22:10:46|gemini|thinking|0|QUESTION_SENT||381|a4feaf4d-56ee-4379-8900-4425f6bb0348
2026-03-12 22:11:25|gemini|thinking|0|JSON_VERIFIED||381|a4feaf4d-56ee-4379-8900-4425f6bb0348
2026-03-12 22:11:25|gemini|thinking|0|QUESTION|22|381|a4feaf4d-56ee-4379-8900-4425f6bb0348
2026-03-12 22:11:25|gemini|thinking|0|JSON_SAVED||381|a4feaf4d-56ee-4379-8900-4425f6bb0348
2026-03-12 22:11:25|gemini|thinking|0|QUESTION_ADVANCE||382|07614112-b07b-4d70-943a-3d3494a8d785
2026-03-12 22:11:38|gemini|thinking|0|QUESTION_SENT||382|07614112-b07b-4d70-943a-3d3494a8d785
2026-03-12 22:13:27|gemini|thinking|0|JSON_VERIFIED||382|07614112-b07b-4d70-943a-3d3494a8d785
2026-03-12 22:13:27|gemini|thinking|0|QUESTION|23|382|07614112-b07b-4d70-943a-3d3494a8d785
2026-03-12 22:13:27|gemini|thinking|0|JSON_SAVED||382|07614112-b07b-4d70-943a-3d3494a8d785
2026-03-12 22:13:27|gemini|thinking|0|QUESTION_ADVANCE||383|dbc8563d-3a3e-46bd-873b-4b43ba910879
2026-03-12 22:13:41|gemini|thinking|0|QUESTION_SENT||383|dbc8563d-3a3e-46bd-873b-4b43ba910879
2026-03-12 22:14:34|gemini|thinking|0|JSON_VERIFIED||383|dbc8563d-3a3e-46bd-873b-4b43ba910879
2026-03-12 22:14:34|gemini|thinking|0|QUESTION|24|383|dbc8563d-3a3e-46bd-873b-4b43ba910879
2026-03-12 22:14:34|gemini|thinking|0|JSON_SAVED||383|dbc8563d-3a3e-46bd-873b-4b43ba910879
2026-03-12 22:14:34|gemini|thinking|0|QUESTION_ADVANCE||384|6c5c0f1b-6e06-47c3-b61d-8a92ee1377a2
2026-03-12 22:14:48|gemini|thinking|0|QUESTION_SENT||384|6c5c0f1b-6e06-47c3-b61d-8a92ee1377a2
2026-03-12 22:15:19|gemini|thinking|0|JSON_VERIFIED||384|6c5c0f1b-6e06-47c3-b61d-8a92ee1377a2
2026-03-12 22:15:19|gemini|thinking|0|QUESTION|25|384|6c5c0f1b-6e06-47c3-b61d-8a92ee1377a2
2026-03-12 22:15:19|gemini|thinking|0|JSON_SAVED||384|6c5c0f1b-6e06-47c3-b61d-8a92ee1377a2
2026-03-12 22:15:19|gemini|thinking|0|QUESTION_ADVANCE||385|c71104da-e5d1-453a-b9cd-37b11fe359d1
2026-03-12 22:15:33|gemini|thinking|0|QUESTION_SENT||385|c71104da-e5d1-453a-b9cd-37b11fe359d1
2026-03-12 22:16:14|gemini|thinking|0|JSON_VERIFIED||385|c71104da-e5d1-453a-b9cd-37b11fe359d1
2026-03-12 22:16:14|gemini|thinking|0|QUESTION|26|385|c71104da-e5d1-453a-b9cd-37b11fe359d1
2026-03-12 22:16:14|gemini|thinking|0|JSON_SAVED||385|c71104da-e5d1-453a-b9cd-37b11fe359d1
2026-03-12 22:16:14|gemini|thinking|0|QUESTION_ADVANCE||386|9261e7fe-4ba6-4b4e-862c-d43545eddbaa
2026-03-12 22:16:28|gemini|thinking|0|QUESTION_SENT||386|9261e7fe-4ba6-4b4e-862c-d43545eddbaa
2026-03-12 22:16:55|gemini|thinking|0|JSON_VERIFIED||386|9261e7fe-4ba6-4b4e-862c-d43545eddbaa
2026-03-12 22:16:55|gemini|thinking|0|QUESTION|27|386|9261e7fe-4ba6-4b4e-862c-d43545eddbaa
2026-03-12 22:16:55|gemini|thinking|0|JSON_SAVED||386|9261e7fe-4ba6-4b4e-862c-d43545eddbaa
2026-03-12 22:16:55|gemini|thinking|0|QUESTION_ADVANCE||387|f0c800e2-3794-4ee2-b372-88ed41c6d482
2026-03-12 22:17:09|gemini|thinking|0|QUESTION_SENT||387|f0c800e2-3794-4ee2-b372-88ed41c6d482
2026-03-12 22:17:38|gemini|thinking|0|JSON_VERIFIED||387|f0c800e2-3794-4ee2-b372-88ed41c6d482
2026-03-12 22:17:38|gemini|thinking|0|QUESTION|28|387|f0c800e2-3794-4ee2-b372-88ed41c6d482
2026-03-12 22:17:38|gemini|thinking|0|JSON_SAVED||387|f0c800e2-3794-4ee2-b372-88ed41c6d482
2026-03-12 22:17:38|gemini|thinking|0|QUESTION_ADVANCE||388|7b0503ee-de98-4402-a275-700e7c47f00c
2026-03-12 22:17:52|gemini|thinking|0|QUESTION_SENT||388|7b0503ee-de98-4402-a275-700e7c47f00c
2026-03-12 22:18:25|gemini|thinking|0|JSON_VERIFIED||388|7b0503ee-de98-4402-a275-700e7c47f00c
2026-03-12 22:18:25|gemini|thinking|0|QUESTION|29|388|7b0503ee-de98-4402-a275-700e7c47f00c
2026-03-12 22:18:25|gemini|thinking|0|JSON_SAVED||388|7b0503ee-de98-4402-a275-700e7c47f00c
2026-03-12 22:18:25|gemini|thinking|0|QUESTION_ADVANCE||389|7b318ae5-3f89-43b6-8b4d-c6610f980525
2026-03-12 22:18:39|gemini|thinking|0|QUESTION_SENT||389|7b318ae5-3f89-43b6-8b4d-c6610f980525
2026-03-12 22:19:09|gemini|thinking|0|JSON_VERIFIED||389|7b318ae5-3f89-43b6-8b4d-c6610f980525
2026-03-12 22:19:09|gemini|thinking|0|QUESTION|30|389|7b318ae5-3f89-43b6-8b4d-c6610f980525
2026-03-12 22:19:09|gemini|thinking|0|JSON_SAVED||389|7b318ae5-3f89-43b6-8b4d-c6610f980525
2026-03-12 22:19:09|gemini|thinking|0|QUESTION_ADVANCE||390|ef6269c9-cc3b-4632-ba63-8760bf3c6d8c
2026-03-12 22:19:23|gemini|thinking|0|QUESTION_SENT||390|ef6269c9-cc3b-4632-ba63-8760bf3c6d8c
2026-03-12 22:19:54|gemini|thinking|0|JSON_VERIFIED||390|ef6269c9-cc3b-4632-ba63-8760bf3c6d8c
2026-03-12 22:19:54|gemini|thinking|0|QUESTION|31|390|ef6269c9-cc3b-4632-ba63-8760bf3c6d8c
2026-03-12 22:19:54|gemini|thinking|0|JSON_SAVED||390|ef6269c9-cc3b-4632-ba63-8760bf3c6d8c
2026-03-12 22:19:54|gemini|thinking|0|QUESTION_ADVANCE||391|50fa1cf1-7cb6-470e-9ead-94da19f8eede
2026-03-12 22:20:08|gemini|thinking|0|QUESTION_SENT||391|50fa1cf1-7cb6-470e-9ead-94da19f8eede
2026-03-12 22:20:40|gemini|thinking|0|JSON_VERIFIED||391|50fa1cf1-7cb6-470e-9ead-94da19f8eede
2026-03-12 22:20:40|gemini|thinking|0|QUESTION|32|391|50fa1cf1-7cb6-470e-9ead-94da19f8eede
2026-03-12 22:20:40|gemini|thinking|0|JSON_SAVED||391|50fa1cf1-7cb6-470e-9ead-94da19f8eede
2026-03-12 22:20:40|gemini|thinking|0|QUESTION_ADVANCE||392|83cc18dc-dba0-4547-9a20-3a27340138be
2026-03-12 22:20:53|gemini|thinking|0|QUESTION_SENT||392|83cc18dc-dba0-4547-9a20-3a27340138be
2026-03-12 22:21:25|gemini|thinking|0|JSON_VERIFIED||392|83cc18dc-dba0-4547-9a20-3a27340138be
2026-03-12 22:21:25|gemini|thinking|0|QUESTION|33|392|83cc18dc-dba0-4547-9a20-3a27340138be
2026-03-12 22:21:25|gemini|thinking|0|JSON_SAVED||392|83cc18dc-dba0-4547-9a20-3a27340138be
2026-03-12 22:21:25|gemini|thinking|0|QUESTION_ADVANCE||393|922dfe46-9cbf-4f62-84f5-a709ffeb826d
2026-03-12 22:21:38|gemini|thinking|0|QUESTION_SENT||393|922dfe46-9cbf-4f62-84f5-a709ffeb826d
2026-03-12 22:22:07|gemini|thinking|0|JSON_VERIFIED||393|922dfe46-9cbf-4f62-84f5-a709ffeb826d
2026-03-12 22:22:07|gemini|thinking|0|QUESTION|34|393|922dfe46-9cbf-4f62-84f5-a709ffeb826d
2026-03-12 22:22:07|gemini|thinking|0|JSON_SAVED||393|922dfe46-9cbf-4f62-84f5-a709ffeb826d
2026-03-12 22:22:07|gemini|thinking|0|QUESTION_ADVANCE||394|d3010293-42a5-4990-bcfd-8ed759af5b3e
2026-03-12 22:22:20|gemini|thinking|0|QUESTION_SENT||394|d3010293-42a5-4990-bcfd-8ed759af5b3e
2026-03-12 22:22:52|gemini|thinking|0|JSON_VERIFIED||394|d3010293-42a5-4990-bcfd-8ed759af5b3e
2026-03-12 22:22:52|gemini|thinking|0|QUESTION|35|394|d3010293-42a5-4990-bcfd-8ed759af5b3e
2026-03-12 22:22:52|gemini|thinking|0|JSON_SAVED||394|d3010293-42a5-4990-bcfd-8ed759af5b3e
2026-03-12 22:22:52|gemini|thinking|0|QUESTION_ADVANCE||395|132b9896-ca25-4e1c-9cba-8b8e99a37efa
2026-03-12 22:23:06|gemini|thinking|0|QUESTION_SENT||395|132b9896-ca25-4e1c-9cba-8b8e99a37efa
2026-03-12 22:23:39|gemini|thinking|0|JSON_VERIFIED||395|132b9896-ca25-4e1c-9cba-8b8e99a37efa
2026-03-12 22:23:39|gemini|thinking|0|QUESTION|36|395|132b9896-ca25-4e1c-9cba-8b8e99a37efa
2026-03-12 22:23:39|gemini|thinking|0|JSON_SAVED||395|132b9896-ca25-4e1c-9cba-8b8e99a37efa
2026-03-12 22:23:39|gemini|thinking|0|QUESTION_ADVANCE||396|8a295bd0-f482-41c2-b5fa-b1503dda308e
2026-03-12 22:23:53|gemini|thinking|0|QUESTION_SENT||396|8a295bd0-f482-41c2-b5fa-b1503dda308e
2026-03-12 22:24:26|gemini|thinking|0|JSON_VERIFIED||396|8a295bd0-f482-41c2-b5fa-b1503dda308e
2026-03-12 22:24:26|gemini|thinking|0|QUESTION|37|396|8a295bd0-f482-41c2-b5fa-b1503dda308e
2026-03-12 22:24:26|gemini|thinking|0|JSON_SAVED||396|8a295bd0-f482-41c2-b5fa-b1503dda308e
2026-03-12 22:24:26|gemini|thinking|0|QUESTION_ADVANCE||397|47089176-308d-4fd5-a338-63761555e08d
2026-03-12 22:24:40|gemini|thinking|0|QUESTION_SENT||397|47089176-308d-4fd5-a338-63761555e08d
2026-03-12 22:25:09|gemini|thinking|0|JSON_VERIFIED||397|47089176-308d-4fd5-a338-63761555e08d
2026-03-12 22:25:09|gemini|thinking|0|QUESTION|38|397|47089176-308d-4fd5-a338-63761555e08d
2026-03-12 22:25:09|gemini|thinking|0|JSON_SAVED||397|47089176-308d-4fd5-a338-63761555e08d
2026-03-12 22:25:09|gemini|thinking|0|QUESTION_ADVANCE||398|edc4b35d-b2ca-4571-9d0f-a4edb49d61e9
2026-03-12 22:25:22|gemini|thinking|0|QUESTION_SENT||398|edc4b35d-b2ca-4571-9d0f-a4edb49d61e9
2026-03-12 22:25:56|gemini|thinking|0|JSON_VERIFIED||398|edc4b35d-b2ca-4571-9d0f-a4edb49d61e9
2026-03-12 22:25:56|gemini|thinking|0|QUESTION|39|398|edc4b35d-b2ca-4571-9d0f-a4edb49d61e9
2026-03-12 22:25:56|gemini|thinking|0|JSON_SAVED||398|edc4b35d-b2ca-4571-9d0f-a4edb49d61e9
2026-03-12 22:25:56|gemini|thinking|0|QUESTION_ADVANCE||399|56e829ac-a7ac-4919-8f9b-1c73e9e5027e
2026-03-12 22:26:10|gemini|thinking|0|QUESTION_SENT||399|56e829ac-a7ac-4919-8f9b-1c73e9e5027e
2026-03-12 22:26:50|gemini|thinking|0|JSON_VERIFIED||399|56e829ac-a7ac-4919-8f9b-1c73e9e5027e
2026-03-12 22:26:50|gemini|thinking|0|QUESTION|40|399|56e829ac-a7ac-4919-8f9b-1c73e9e5027e
2026-03-12 22:26:50|gemini|thinking|0|JSON_SAVED||399|56e829ac-a7ac-4919-8f9b-1c73e9e5027e
2026-03-12 22:39:51|gemini|thinking|0|RESTART||400|3aa4405d-614c-413a-a9bf-4ef2f6ad51c8
2026-03-12 22:40:25|gemini|thinking|0|QUESTION_SENT||400|3aa4405d-614c-413a-a9bf-4ef2f6ad51c8
2026-03-12 22:40:55|gemini|thinking|0|JSON_VERIFIED||400|3aa4405d-614c-413a-a9bf-4ef2f6ad51c8
2026-03-12 22:40:55|gemini|thinking|0|QUESTION|1|400|3aa4405d-614c-413a-a9bf-4ef2f6ad51c8
2026-03-12 22:40:55|gemini|thinking|0|JSON_SAVED||400|3aa4405d-614c-413a-a9bf-4ef2f6ad51c8
2026-03-12 22:40:55|gemini|thinking|0|QUESTION_ADVANCE||401|f33575ca-d8ed-47f6-9edc-ed5f5773804d
2026-03-12 22:41:09|gemini|thinking|0|QUESTION_SENT||401|f33575ca-d8ed-47f6-9edc-ed5f5773804d
2026-03-12 22:41:40|gemini|thinking|0|JSON_VERIFIED||401|f33575ca-d8ed-47f6-9edc-ed5f5773804d
2026-03-12 22:41:40|gemini|thinking|0|QUESTION|2|401|f33575ca-d8ed-47f6-9edc-ed5f5773804d
2026-03-12 22:41:40|gemini|thinking|0|JSON_SAVED||401|f33575ca-d8ed-47f6-9edc-ed5f5773804d
2026-03-12 22:41:40|gemini|thinking|0|QUESTION_ADVANCE||402|32e31436-caab-4df4-9a98-8c9d51b70252
2026-03-12 22:41:54|gemini|thinking|0|QUESTION_SENT||402|32e31436-caab-4df4-9a98-8c9d51b70252
2026-03-12 22:42:29|gemini|thinking|0|JSON_VERIFIED||402|32e31436-caab-4df4-9a98-8c9d51b70252
2026-03-12 22:42:29|gemini|thinking|0|QUESTION|3|402|32e31436-caab-4df4-9a98-8c9d51b70252
2026-03-12 22:42:29|gemini|thinking|0|JSON_SAVED||402|32e31436-caab-4df4-9a98-8c9d51b70252
2026-03-12 22:42:29|gemini|thinking|0|QUESTION_ADVANCE||403|e2fcf3d4-1848-44b4-8741-aba704be7ee3
2026-03-12 22:42:42|gemini|thinking|0|QUESTION_SENT||403|e2fcf3d4-1848-44b4-8741-aba704be7ee3
